id_cliente,nombre,cedula,fecha_vinculacion,ciudad,estrato,ingreso_mensual,segmento,activo
CLI0197,María Pérez,22304198,2023-06-14,Barranquilla,5,3338000.0,A,True
CLI0300,Juliana González,70867592,2019-06-16,Bogotá,3,5942000.0,A,True
CLI0389,Diana Herrera,53537934,2019-07-04,Bucaramanga,3,3329000.0,B,True
CLI0228,Miguel Álvarez,13460153,2023-04-25,Medellín,4,3269000.0,A,True
CLI0665,Gabriel Álvarez,72950208,2021-09-04,Bogotá,6,1320000.0,C,True
CLI0475,Miguel Medina,63747464,2021-03-15,Medellín,3,3108000.0,B,True
CLI0200,Sara Herrera,96128115,2020-04-04,Bucaramanga,3,4538000.0,A,True
CLI0337,Laura Romero,23905032,2020-02-22,Manizales,5,1923000.0,C,True
CLI0339,Juliana Herrera,78103759,2022-05-27,Medellín,3,2929000.0,C,True
CLI0529,Alejandro Vargas,57236885,2022-10-26,Bogotá,4,2729000.0,C,True
CLI0067,Juan Moreno,49625201,2023-01-29,Bogotá,2,4363000.0,A,True
CLI0734,Sara Ríos,80836292,2022-03-08,Medellín,3,2247000.0,A,True
CLI0406,Mateo Jiménez,65590800,2021-08-21,Cartagena,4,,C,False
CLI0355,Carolina Vargas,93446356,2020-10-15,Bogotá,4,3536000.0,C,True
CLI0261,Juliana Muñoz,18163847,2019-12-04,Cali,5,,C,True
CLI0429,Alejandro Torres,28419343,2020-08-14,Medellín,6,2404000.0,B,True
CLI0317,Paula Díaz,22960658,2022-01-22,Medellín,2,5239000.0,B,True
CLI0110,Paula Suárez,46578001,2022-10-23,Bogotá,3,1190000.0,B,True
CLI0486,Mateo Mora,94989976,2021-09-30,Cartagena,3,3850000.0,B,False
CLI0534,Alejandro Navarro,70654852,2019-08-14,Cali,6,1478000.0,B,True
CLI0140,Luis Ríos,13358751,2019-10-09,Ibagué,3,2149000.0,A,True
CLI0068,Santiago López,12944682,2021-05-19,Pereira,2,3314000.0,B,True
CLI0240,Felipe Romero,66500369,2021-11-25,Bogotá,3,2263000.0,B,True
CLI0771,Manuela Moreno,58399417,2021-01-06,Bogotá,3,1893000.0,A,True
CLI0040,Daniel López,44269370,2023-11-01,Medellín,4,2499000.0,B,False
CLI0031,María Ortega,42323627,2022-01-17,Cali,2,1637000.0,B,True
CLI0421,David Jiménez,39597483,2019-04-03,Pereira,6,1030000.0,B,True
CLI0210,Sofía Rodríguez,19208698,2022-02-08,Bogotá,3,5757000.0,B,False
CLI0211,Juliana Vargas,84384510,2022-03-18,,2,2983000.0,A,True
CLI0079,Sofía Torres,91478884,2020-11-02,Medellín,1,2746000.0,A,True
CLI0347,David Ramos,84660688,2020-12-08,Cali,4,1844000.0,B,True
CLI0232,Daniel Vargas,41934639,2019-06-01,Medellín,3,2694000.0,B,True
CLI0636,Mateo Sánchez,23574883,2022-06-14,Medellín,1,2436000.0,A,False
CLI0405,Tomás Martínez,69330166,2022-10-09,Bogotá,3,2460000.0,B,True
CLI0708,Gabriel García,61830338,2022-08-06,Pereira,3,2615000.0,A,True
CLI0024,Jorge Sánchez,34166826,2023-12-20,Medellín,3,,C,True
CLI0205,Isabella Ríos,54762841,2020-04-29,Cali,4,2110000.0,B,True
CLI0399,Sebastián Díaz,46521025,2020-07-30,Bucaramanga,4,2706000.0,B,True
CLI0064,Mateo Rodríguez,58178682,2020-06-30,,3,1786000.0,B,True
CLI0315,Laura Moreno,22513132,2023-12-26,Pereira,3,4037000.0,A,False
CLI0066,María Herrera,49711319,2019-06-19,Cali,3,,B,True
CLI0517,Daniel Mora,94183695,2022-04-10,Medellín,3,5529000.0,B,True
CLI0707,Paula Hernández,41645597,2021-07-19,Bogotá,3,4442000.0,B,False
CLI0138,Sofía Reyes,41383044,2019-06-07,Barranquilla,5,6087000.0,B,True
CLI0236,Valentina Ruiz,33386929,2019-06-01,Barranquilla,4,3233000.0,C,True
CLI0213,Miguel Díaz,88703005,2021-08-15,Barranquilla,5,3452000.0,B,True
CLI0533,Natalia Castro,71974027,2022-12-05,,2,1916000.0,C,True
CLI0276,Jorge Suárez,93794475,2019-09-14,Medellín,3,3555000.0,B,True
CLI0445,Sofía Ruiz,57535513,2021-02-03,Pereira,4,2171000.0,B,True
CLI0573,Andrés Flores,91846696,2023-11-12,Medellín,5,,A,True
CLI0711,Natalia Rodríguez,40137082,2021-10-08,Bucaramanga,4,1781000.0,B,True
CLI0413,Felipe González,24883373,2019-10-02,Cúcuta,2,3117000.0,B,True
CLI0735,Valentina Hernández,66808292,2022-10-13,,3,4439000.0,C,True
CLI0677,Santiago García,36802975,2022-03-21,Bogotá,4,2481000.0,C,True
CLI0425,Juliana Guerrero,11031743,2022-02-24,Bogotá,3,1707000.0,A,True
CLI0329,Paola Suárez,57459130,2019-05-30,Medellín,3,3826000.0,C,True
CLI0535,Gabriel Ruiz,15047559,2020-01-26,Bucaramanga,6,2032000.0,A,True
CLI0087,Paula Martínez,28358198,2019-12-08,Barranquilla,4,1553000.0,A,True
CLI0334,Tomás Torres,90585678,2021-05-01,Bogotá,2,2634000.0,B,True
CLI0553,Isabella Moreno,35265073,2019-05-08,Cali,3,,B,False
CLI0603,María Muñoz,98054173,2020-08-12,Bogotá,1,2876000.0,A,True
CLI0609,Miguel Flores,51551377,2021-03-19,Medellín,3,2001000.0,B,True
CLI0121,Laura Ramos,63339667,2019-05-18,Pereira,5,2824000.0,C,True
CLI0463,Ana Ramírez,12799319,2023-07-05,Bucaramanga,3,3218000.0,B,True
CLI0209,Miguel Ortega,37542226,2021-01-09,Bogotá,2,3075000.0,B,False
CLI0169,Paola Jiménez,66254240,2019-10-05,,3,4866000.0,B,True
CLI0530,Carlos Guerrero,78093604,2020-05-11,Manizales,3,5739000.0,C,True
CLI0050,Paola Sánchez,88862539,2021-06-13,Bogotá,3,8218000.0,B,True
CLI0097,Juliana Martínez,58970845,2021-06-09,Medellín,3,2247000.0,B,True
CLI0156,Juan López,14994527,2019-08-30,Bogotá,3,1729000.0,B,True
CLI0310,Manuela Medina,30486849,2021-05-03,Bogotá,2,2442000.0,B,False
CLI0543,Felipe Jiménez,89736043,2020-02-22,Bogotá,5,2778000.0,B,True
CLI0199,Sebastián Torres,38468360,2021-11-07,Cartagena,6,3607000.0,C,True
CLI0472,Carolina Muñoz,42657384,2022-06-09,Ibagué,5,3919000.0,B,True
CLI0034,Sebastián López,29208935,2019-03-16,Cúcuta,2,2853000.0,A,True
CLI0032,Felipe Muñoz,76795767,2021-08-27,Bogotá,3,2321000.0,B,False
CLI0602,Santiago Rodríguez,51638598,2020-07-14,Bogotá,2,2791000.0,B,True
CLI0297,Mateo Muñoz,40667888,2023-08-18,Bucaramanga,2,1581000.0,B,False
CLI0332,Sofía Vargas,16904975,2019-11-20,Bucaramanga,3,1454000.0,B,False
CLI0384,Isabella Suárez,70887307,2021-10-18,Manizales,5,,C,True
CLI0212,María Rodríguez,37804191,2021-01-25,Barranquilla,6,8630000.0,B,True
CLI0435,Valentina Ramírez,76757928,2022-01-31,Bogotá,4,4628000.0,B,True
CLI0468,Manuela Moreno,58567046,2022-05-26,Manizales,3,,C,True
CLI0073,Ana Moreno,85957706,2020-01-05,Bogotá,4,2689000.0,B,True
CLI0078,Juliana Muñoz,40885967,2019-06-13,Bogotá,4,2460000.0,A,True
CLI0600,Carlos Ríos,28982195,2023-06-17,Bogotá,4,1148000.0,B,True
CLI0518,Alejandro Ramírez,52431444,2021-09-10,,4,4837000.0,A,True
CLI0219,Andrés Romero,10380581,2019-06-26,Cali,5,2515000.0,A,True
CLI0282,Andrés Navarro,90180577,2021-10-26,Bogotá,2,1738000.0,C,True
CLI0638,Santiago Medina,82446804,2022-04-16,Bogotá,4,1862000.0,C,True
CLI0663,Manuela Flores,42100652,2023-12-04,Cali,2,2550000.0,B,True
CLI0356,Isabella Guerrero,92352411,2020-05-10,Cali,4,6756000.0,B,True
CLI0744,Tomás González,95758649,2021-05-25,Medellín,3,3372000.0,A,True
CLI0260,Tomás Martínez,14180968,2020-09-14,Bogotá,4,2089000.0,A,False
CLI0364,Luis Jiménez,34215035,2019-04-14,Cali,4,1743000.0,C,True
CLI0488,Gabriel López,81216573,2022-02-26,Bogotá,3,6121000.0,A,True
CLI0451,Carlos Guerrero,71707170,2019-10-23,Bucaramanga,4,3961000.0,A,True
CLI0577,Miguel Castro,47969333,2023-07-04,Bogotá,3,2434000.0,B,True
CLI0617,Andrés Álvarez,22543044,2020-08-12,Bogotá,1,3048000.0,A,False
CLI0214,David Ramos,38984499,2023-07-04,Bogotá,1,1212000.0,A,True
CLI0587,Juan Martínez,54250344,2020-04-05,,4,2560000.0,B,True
CLI0055,Alejandro Pérez,71315464,2021-03-02,Cali,2,4047000.0,C,False
CLI0766,Diana Guerrero,35140847,2023-01-20,Cali,3,1853000.0,B,True
CLI0545,Miguel Torres,61604364,2021-10-24,Cali,4,2329000.0,B,True
CLI0635,Juliana Martínez,49700543,2019-08-12,Bogotá,2,2078000.0,B,True
CLI0267,Paula Torres,69533928,2021-11-28,Barranquilla,2,2785000.0,B,True
CLI0098,Isabella Navarro,27637794,2020-07-16,Medellín,5,2890000.0,B,False
CLI0430,Mateo Reyes,44295247,2019-05-31,Bogotá,3,2269000.0,B,True
CLI0077,Jorge Ramírez,48412328,2019-07-30,Bucaramanga,4,2034000.0,B,False
CLI0286,Paola Álvarez,77853916,2022-04-04,Bogotá,3,5360000.0,C,True
CLI0527,Isabella Castro,89379016,2019-10-30,Medellín,2,2829000.0,B,True
CLI0780,Felipe Martínez,73100462,2021-04-10,Cali,3,3032000.0,B,True
CLI0245,Sara Castro,70166480,2023-05-17,Bogotá,5,1414000.0,B,True
CLI0631,Paula Álvarez,40406092,2022-02-25,Barranquilla,3,2330000.0,B,True
CLI0432,Alejandro Ramírez,54039837,2021-10-29,Bucaramanga,2,1767000.0,B,True
CLI0690,Miguel Jiménez,21257528,2023-09-09,Bogotá,3,3347000.0,A,True
CLI0085,Ana López,43638559,2023-01-09,Bogotá,4,1754000.0,B,True
CLI0011,Luis Ramírez,13885234,2020-01-09,Bogotá,6,1091000.0,C,True
CLI0736,Daniel Torres,24923247,2023-03-31,Manizales,2,4100000.0,B,True
CLI0111,Valentina Mora,32084778,2019-11-24,Bogotá,3,3415000.0,C,True
CLI0754,Miguel Álvarez,79172559,2020-10-24,Bogotá,5,4332000.0,B,True
CLI0487,Natalia Torres,25304396,2022-12-22,Bogotá,2,3157000.0,B,False
CLI0216,Camila Rodríguez,54098516,2019-09-23,Bogotá,5,3177000.0,C,True
CLI0793,Paula Muñoz,23913528,2020-03-28,Medellín,2,4313000.0,C,True
CLI0482,Luis Ruiz,54703713,2021-11-04,Barranquilla,4,3530000.0,C,True
CLI0395,Felipe Jiménez,31127198,2022-04-09,Bogotá,1,1741000.0,A,True
CLI0119,Carolina Vargas,28892086,2019-03-13,Cartagena,4,2658000.0,C,True
CLI0738,Ana Díaz,41895531,2019-12-26,Pereira,4,3214000.0,C,True
CLI0466,Sebastián Vargas,92963368,2021-07-24,Medellín,2,6293000.0,B,True
CLI0030,Santiago Herrera,93176117,2023-07-28,Bogotá,3,3520000.0,B,True
CLI0440,Diana Moreno,81481992,2022-06-05,Bogotá,2,2647000.0,B,True
CLI0713,Paola Romero,52773159,2019-10-02,Medellín,6,2047000.0,B,True
CLI0343,Tomás Álvarez,74718365,2023-01-11,Bogotá,4,3246000.0,B,True
CLI0303,Camila Herrera,22762205,2023-04-29,Cali,5,2041000.0,A,True
CLI0082,Miguel Moreno,95445405,2020-09-19,Cali,4,3331000.0,C,True
CLI0293,Tomás Castro,83998961,2020-11-22,Pereira,4,2170000.0,C,True
CLI0796,Tomás Reyes,27905932,2021-09-06,Manizales,3,2129000.0,C,True
CLI0513,Isabella Ramos,96300902,2022-03-28,Cúcuta,3,3369000.0,B,True
CLI0698,Natalia Ríos,39801436,2023-12-01,Cali,3,2797000.0,A,True
CLI0447,Luis Mora,63293990,2020-11-25,Ibagué,2,3040000.0,B,False
CLI0667,Felipe Martínez,59370777,2020-02-13,Bogotá,6,1564000.0,B,True
CLI0719,Sara Flores,15140967,2023-07-15,,2,2611000.0,C,True
CLI0353,Andrés Medina,67594492,2022-02-24,Barranquilla,4,,B,True
CLI0595,Carolina Flores,30182766,2021-09-28,Cartagena,3,1600000.0,B,True
CLI0361,Juan Moreno,98292612,2020-05-22,Medellín,4,2001000.0,A,True
CLI0612,Camila Rodríguez,96368203,2023-05-03,Pereira,2,4048000.0,B,True
CLI0008,Andrés Álvarez,69549527,2022-11-25,Manizales,5,1329000.0,B,False
CLI0717,Luis Torres,29602406,2020-07-12,Pereira,4,4305000.0,B,False
CLI0102,Laura Flores,65767881,2019-06-03,Cali,1,4574000.0,C,True
CLI0651,Diana Ramos,32218290,2023-01-09,Bogotá,3,2199000.0,B,False
CLI0519,Laura Ríos,30261159,2019-12-16,Ibagué,2,5598000.0,A,True
CLI0752,Valentina Ortega,12205915,2019-10-15,Cúcuta,4,3681000.0,B,True
CLI0328,Mateo Torres,65137801,2021-07-17,Cali,3,2109000.0,C,True
CLI0003,Santiago Ramírez,22130508,2019-12-25,Bucaramanga,3,1998000.0,B,False
CLI0632,Natalia Flores,28463709,2022-11-26,Cartagena,3,3801000.0,B,True
CLI0558,Paola Herrera,30248230,2022-02-22,Bogotá,3,2702000.0,A,True
CLI0605,Jorge Suárez,62607710,2022-03-20,Bogotá,4,4731000.0,B,True
CLI0764,Daniel Ramírez,86593187,2020-09-10,Bucaramanga,3,,B,True
CLI0624,Mateo Jiménez,58667035,2023-03-11,Medellín,2,1267000.0,A,True
CLI0625,Carolina Romero,51455302,2021-09-08,Cali,6,4259000.0,A,True
CLI0760,Mateo Muñoz,10209961,2021-07-03,Bucaramanga,5,2508000.0,B,True
CLI0520,Mateo Flores,69023966,2021-12-09,Bogotá,2,3738000.0,A,True
CLI0666,Sara Flores,36040410,2022-08-25,Bogotá,1,1612000.0,A,True
CLI0673,Andrés Romero,77498993,2019-05-02,Bogotá,5,1190000.0,B,True
CLI0448,Natalia Moreno,15677713,2022-02-16,Bucaramanga,1,2382000.0,B,True
CLI0336,Santiago Rodríguez,57197152,2021-08-09,,2,4520000.0,A,True
CLI0295,Diana Medina,67723010,2022-02-28,Bogotá,2,3372000.0,A,True
CLI0376,Felipe Ruiz,29042093,2023-01-16,Bogotá,3,1908000.0,A,False
CLI0080,Juliana Álvarez,57287718,2022-09-15,,2,3397000.0,B,True
CLI0149,Sofía Ramírez,72312933,2019-02-23,Bogotá,5,3292000.0,C,True
CLI0357,Laura Ortega,96261621,2021-08-13,Bogotá,2,,B,True
CLI0496,Diana Sánchez,23798190,2019-08-13,Medellín,2,1655000.0,B,True
CLI0175,Sebastián Ortega,75679047,2021-06-30,Cali,1,2746000.0,B,False
CLI0327,Paula López,26405605,2020-09-01,Cali,2,1325000.0,C,True
CLI0301,Sara Ramos,63516659,2019-04-04,Bogotá,2,5652000.0,A,True
CLI0523,Laura Herrera,69352161,2022-06-23,Ibagué,5,,A,True
CLI0193,Camila Jiménez,47028180,2022-12-24,Cartagena,3,2483000.0,B,True
CLI0134,Camila Torres,61140376,2021-01-29,Bogotá,3,2436000.0,C,True
CLI0746,Santiago Reyes,71352751,2020-11-02,Cartagena,3,,B,True
CLI0637,Alejandro Sánchez,78140959,2023-02-26,Cali,3,1255000.0,A,False
CLI0491,María Castro,56892354,2023-07-29,Medellín,3,2653000.0,B,True
CLI0056,Sofía Ortega,50550084,2020-11-25,Cúcuta,2,2349000.0,B,True
CLI0434,Andrés Ríos,11037490,2023-04-15,Bogotá,1,,A,True
CLI0616,Sebastián Díaz,80651318,2019-03-28,Cúcuta,5,2392000.0,A,True
CLI0542,Mateo Díaz,92545028,2022-11-15,Cali,3,,C,False
CLI0773,Manuela Mora,80606503,2020-04-28,,4,3887000.0,B,True
CLI0381,Juliana Pérez,38874646,2021-10-17,Bogotá,6,4048000.0,B,True
CLI0604,Valentina Ríos,98870276,2019-09-07,Bogotá,4,1685000.0,C,True
CLI0312,Manuela Ramírez,19010480,2022-08-01,Bogotá,2,1845000.0,A,True
CLI0611,Felipe Vargas,60557040,2020-12-07,,2,1564000.0,A,True
CLI0061,Sofía Ramírez,41837210,2021-01-22,Medellín,4,2474000.0,B,True
CLI0585,Diana Martínez,54915875,2022-02-16,Cali,4,1639000.0,B,True
CLI0383,Valentina Hernández,66348963,2021-08-14,,4,6218000.0,B,True
CLI0598,Diana Castro,88213973,2020-12-15,,2,2437000.0,C,True
CLI0656,Luis Jiménez,41880763,2019-10-09,Bogotá,5,5495000.0,A,True
CLI0449,Tomás Reyes,68548403,2021-01-18,Medellín,5,3485000.0,B,True
CLI0540,Carolina Herrera,96525668,2019-11-07,Bogotá,1,2578000.0,A,True
CLI0642,Camila García,55199748,2022-10-03,Bogotá,2,2050000.0,B,True
CLI0776,Jorge Hernández,78131950,2019-08-31,,2,1086000.0,C,False
CLI0678,Andrés Ramírez,91156554,2020-04-20,Medellín,4,,B,True
CLI0657,Laura Muñoz,69619341,2019-01-11,Bogotá,4,,B,True
CLI0091,Carolina López,96750368,2021-07-04,Bogotá,4,2431000.0,B,True
CLI0251,Daniel Flores,77624084,2019-09-22,Bogotá,5,2076000.0,B,True
CLI0182,Santiago Ruiz,69509870,2020-12-12,Bogotá,4,1835000.0,C,True
CLI0579,David Castro,64864099,2020-06-25,Medellín,3,2523000.0,C,True
CLI0443,Andrés Jiménez,84990607,2019-07-18,Medellín,4,1574000.0,A,True
CLI0368,Carolina Álvarez,57113566,2022-06-14,Cartagena,3,2389000.0,B,True
CLI0159,Ana Sánchez,25585427,2020-06-17,Bogotá,2,1671000.0,B,True
CLI0070,Miguel Navarro,63124147,2021-05-31,Ibagué,5,3867000.0,B,True
CLI0652,Santiago Herrera,68743530,2021-08-25,Cali,4,2548000.0,A,True
CLI0132,Jorge Medina,45186708,2022-10-22,Bogotá,4,1295000.0,B,True
CLI0045,Paula Martínez,83363160,2020-11-10,Bogotá,2,1171000.0,A,False
CLI0071,Daniel Vargas,46840133,2022-05-18,Bucaramanga,3,,B,True
CLI0661,Jorge López,41407343,2022-08-30,Medellín,3,4538000.0,A,True
CLI0362,Daniel Flores,45896226,2019-10-16,Cali,2,1868000.0,B,True
CLI0394,Mateo López,30881581,2020-03-16,Bucaramanga,4,2232000.0,B,True
CLI0255,Gabriel Muñoz,98436473,2019-04-24,Bogotá,6,6768000.0,A,True
CLI0136,Carolina Jiménez,59858348,2021-06-28,Bogotá,3,,C,True
CLI0083,Paola Ramírez,35519083,2021-07-02,Bogotá,1,,A,True
CLI0166,Natalia Sánchez,59796322,2021-10-02,Pereira,3,5260000.0,C,True
CLI0165,Ana Herrera,70887034,2022-11-22,Bogotá,3,1412000.0,A,True
CLI0029,Paola Romero,61344226,2021-03-26,Cali,4,4374000.0,B,True
CLI0792,Paula Medina,94323222,2022-06-12,Cali,6,3360000.0,C,True
CLI0194,Ana Díaz,35475673,2022-12-05,Cali,3,3039000.0,B,True
CLI0248,Paola Flores,89680504,2022-04-18,Ibagué,1,4724000.0,B,True
CLI0528,Andrés Hernández,17539294,2023-08-10,Bogotá,4,3430000.0,A,True
CLI0333,Carlos Martínez,48604965,2021-06-19,Bogotá,2,3302000.0,A,True
CLI0137,Luis Ramos,24541967,2023-04-12,Medellín,1,,C,True
CLI0423,Sofía Ruiz,90440034,2019-04-15,Bogotá,3,4798000.0,B,True
CLI0654,Miguel Medina,65144509,2022-10-27,Bucaramanga,3,2266000.0,A,True
CLI0141,Valentina Moreno,93154172,2021-12-20,Ibagué,3,7066000.0,B,True
CLI0480,María Torres,55568701,2022-04-30,Medellín,3,2381000.0,C,True
CLI0007,Tomás Muñoz,23489853,2021-08-09,Bogotá,5,2973000.0,A,True
CLI0532,Ana Martínez,51662236,2022-03-18,Ibagué,4,2921000.0,C,True
CLI0396,Tomás Suárez,92924837,2020-12-23,Cúcuta,5,3238000.0,C,True
CLI0729,Diana Mora,44349528,2019-01-29,Bogotá,4,3496000.0,A,True
CLI0074,Tomás Ramos,16582607,2022-01-22,Pereira,3,1483000.0,A,True
CLI0772,Sebastián Medina,19083764,2022-11-19,Manizales,2,1753000.0,B,False
CLI0739,Diana Ruiz,50419829,2022-06-05,Medellín,2,1728000.0,B,True
CLI0751,Gabriel García,81947921,2020-01-14,Bogotá,6,4570000.0,A,True
CLI0146,Diana Ramírez,96926431,2020-07-24,Bogotá,1,5404000.0,C,True
CLI0465,Ana García,33068427,2021-11-29,Ibagué,1,,B,True
CLI0235,Isabella Suárez,12118101,2022-08-08,Bogotá,2,2535000.0,B,True
CLI0221,Paula Ramírez,29419691,2020-09-25,Barranquilla,4,2436000.0,C,True
CLI0747,Manuela Guerrero,18429833,2019-06-27,Medellín,4,,B,True
CLI0324,Carlos Medina,85387867,2023-07-12,Bogotá,4,2358000.0,A,True
CLI0133,Ana Muñoz,88458327,2021-07-10,Bogotá,6,5189000.0,A,True
CLI0382,Isabella López,60491958,2021-11-20,Barranquilla,3,1981000.0,A,True
CLI0266,Isabella Suárez,75802771,2020-12-09,Bucaramanga,4,4114000.0,B,True
CLI0444,Natalia Vargas,99663907,2021-03-17,Medellín,4,4567000.0,B,True
CLI0765,Miguel Moreno,65910756,2022-04-07,Bogotá,4,2678000.0,C,True
CLI0433,Santiago Ruiz,26104026,2021-07-11,Cali,2,5537000.0,C,True
CLI0042,Diana Reyes,11261301,2019-04-08,Medellín,4,4117000.0,A,True
CLI0502,Luis Ruiz,30517835,2023-11-22,Cali,5,4515000.0,B,True
CLI0109,Sara Martínez,77349752,2023-03-16,Bogotá,3,1581000.0,A,True
CLI0351,Isabella Sánchez,87054398,2021-01-28,Medellín,4,3257000.0,C,False
CLI0057,Diana Pérez,36738452,2020-01-18,Bogotá,1,,C,True
CLI0457,Paula Navarro,64280720,2019-03-24,Bogotá,2,,B,True
CLI0287,Sofía González,91259008,2019-11-12,Medellín,4,2148000.0,B,False
CLI0435,Valentina Ramírez,76757928,2022-01-31,Bogotá,4,4628000.0,B,True
CLI0025,Mateo Vargas,32814819,2019-03-27,Medellín,3,2546000.0,B,True
CLI0291,Sara Herrera,97874085,2023-01-15,Bogotá,5,3095000.0,B,True
CLI0358,Tomás Flores,84724345,2019-09-08,Cali,5,1929000.0,C,True
CLI0363,Sofía González,13886030,2019-07-18,Medellín,3,2154000.0,B,True
CLI0052,Daniel Ramos,95756900,2021-03-30,Bucaramanga,4,3903000.0,B,True
CLI0548,Sara López,84399083,2021-08-23,Barranquilla,3,4892000.0,B,True
CLI0749,Sara Herrera,77085942,2022-10-02,Cartagena,1,3837000.0,B,True
CLI0265,Juan Sánchez,24490391,2020-04-06,Manizales,3,3661000.0,B,True
CLI0410,María Muñoz,25276327,2023-10-02,Bogotá,6,3099000.0,A,True
CLI0508,Mateo Mora,72270726,2020-06-27,Pereira,4,4199000.0,A,True
CLI0352,Paola Jiménez,40354559,2021-11-20,Manizales,4,4020000.0,B,False
CLI0292,Paula Rodríguez,97364555,2022-05-24,Bogotá,4,2504000.0,B,True
CLI0019,Manuela Guerrero,29538047,2020-08-23,Medellín,2,3441000.0,C,True
CLI0706,Mateo Moreno,60192261,2020-08-05,Ibagué,3,2641000.0,B,True
CLI0330,David Moreno,99300492,2022-11-11,Bogotá,3,1522000.0,B,True
CLI0084,Jorge Hernández,93334601,2022-05-19,,2,1100000.0,B,False
CLI0062,Isabella Vargas,61185849,2023-06-21,Bogotá,3,,C,True
CLI0494,Alejandro Rodríguez,29822594,2020-11-09,Bogotá,4,1293000.0,C,True
CLI0659,Jorge Ramos,48242379,2019-11-20,Cali,2,3662000.0,B,False
CLI0536,Daniel González,17635653,2019-02-08,Cúcuta,4,2632000.0,B,True
CLI0454,Ana García,87277086,2021-11-08,Cartagena,2,6405000.0,B,False
CLI0183,Diana Guerrero,69686067,2022-12-24,Cúcuta,2,,C,True
CLI0320,Felipe Castro,84674816,2020-09-10,Bogotá,2,1912000.0,B,True
CLI0507,Daniel Martínez,76319264,2021-08-29,Cartagena,4,2915000.0,B,True
CLI0224,Diana Álvarez,43642236,2023-01-12,,6,,A,True
CLI0777,Miguel Vargas,84377016,2021-08-11,Bogotá,1,3562000.0,C,True
CLI0474,Sebastián Álvarez,89036966,2019-11-29,Cartagena,1,,B,True
CLI0658,Diana Suárez,91952730,2022-02-01,Medellín,4,2343000.0,A,True
CLI0335,Camila Álvarez,51936181,2021-09-18,Bogotá,4,1294000.0,B,True
CLI0583,Felipe Torres,94676162,2020-05-19,Medellín,6,2887000.0,B,True
CLI0500,Ana Medina,33286644,2023-06-20,Ibagué,4,2481000.0,B,True
CLI0177,Paula Martínez,64776386,2023-07-18,Barranquilla,3,5324000.0,A,True
CLI0676,Juan Romero,31751079,2022-08-28,Ibagué,4,2024000.0,C,True
CLI0539,Alejandro Torres,20298660,2021-05-07,,2,1421000.0,B,True
CLI0164,Diana Herrera,62163160,2020-08-07,Cali,3,1904000.0,B,True
CLI0249,Camila Ruiz,24636981,2020-01-08,Ibagué,5,2088000.0,B,True
CLI0526,Sofía Jiménez,46866075,2021-02-17,Medellín,3,,B,True
CLI0722,Laura García,28628439,2019-11-29,Bogotá,5,3578000.0,A,True
CLI0075,Alejandro Ruiz,91390501,2020-08-24,Barranquilla,1,,C,True
CLI0478,Jorge Guerrero,63118906,2023-09-22,Cali,6,2200000.0,A,True
CLI0412,Paula Martínez,67702031,2021-06-01,Cúcuta,3,2283000.0,B,True
CLI0105,Juliana Navarro,27738187,2021-04-11,Cartagena,3,848000.0,C,False
CLI0115,Mateo Pérez,55461591,2022-05-29,,3,2093000.0,A,True
CLI0307,Juliana Ramos,99269266,2020-03-07,Medellín,3,3778000.0,C,True
CLI0093,Carolina Ruiz,51464269,2023-01-28,Bucaramanga,4,2862000.0,A,False
CLI0418,Tomás Ruiz,99541016,2023-04-14,Bogotá,4,4470000.0,B,True
CLI0090,Isabella Jiménez,94216001,2020-12-20,Medellín,2,4632000.0,B,True
CLI0437,Juan Navarro,33581357,2023-08-18,Bogotá,5,4194000.0,B,False
CLI0750,David Torres,90092958,2019-07-15,Cali,4,3758000.0,A,True
CLI0759,Juan Muñoz,67611469,2020-04-27,Cartagena,4,1975000.0,C,False
CLI0495,Mateo García,41711468,2022-10-11,Medellín,4,1666000.0,A,True
CLI0681,Miguel García,17003454,2023-01-20,,4,1652000.0,B,True
CLI0501,Laura Álvarez,90852623,2023-01-25,,1,2762000.0,A,True
CLI0012,David Romero,16172803,2023-07-20,Ibagué,4,3167000.0,A,True
CLI0498,Carolina González,44355473,2022-04-10,Bogotá,2,5779000.0,A,True
CLI0044,Paula Ramírez,48605268,2022-09-04,Cartagena,6,1470000.0,B,False
CLI0043,Valentina López,72445234,2023-11-09,Bogotá,2,1879000.0,C,True
CLI0168,Isabella Jiménez,82503409,2019-09-09,Bogotá,3,2391000.0,A,True
CLI0715,Alejandro Ruiz,97236246,2021-10-29,Bogotá,2,1024000.0,A,True
CLI0623,Laura Muñoz,12446861,2020-06-09,Medellín,1,4814000.0,A,True
CLI0740,Sofía González,26354208,2023-10-20,Medellín,3,1439000.0,B,True
CLI0179,Luis Muñoz,14391105,2023-09-28,Cúcuta,3,3410000.0,B,True
CLI0538,Juliana Hernández,48530827,2020-10-04,Bogotá,4,1960000.0,B,True
CLI0774,Alejandro González,83025444,2019-05-08,Medellín,5,2453000.0,B,True
CLI0178,Diana Sánchez,47546086,2022-10-28,Medellín,2,3364000.0,A,True
CLI0782,Felipe García,95318289,2021-10-26,Cali,3,1485000.0,B,True
CLI0568,Mateo Ramírez,43251599,2020-12-02,Medellín,5,4004000.0,A,True
CLI0258,Tomás González,71477426,2021-11-27,Barranquilla,3,3494000.0,A,True
CLI0366,Isabella Ortega,51471222,2021-02-25,Medellín,4,5560000.0,B,True
CLI0479,Felipe Pérez,51644346,2020-09-04,Ibagué,2,3372000.0,A,True
CLI0016,Sofía Jiménez,58112135,2023-05-09,Bogotá,3,3232000.0,A,True
CLI0004,Diana González,68246664,2023-08-28,Cali,4,,B,True
CLI0426,Ana Ruiz,37437207,2020-02-03,,4,,B,True
CLI0257,Isabella Martínez,50484137,2019-09-12,Cúcuta,4,4243000.0,A,True
CLI0378,Luis Hernández,14114726,2020-01-24,Bogotá,2,4487000.0,A,True
CLI0397,Miguel Sánchez,16679008,2019-04-10,Manizales,6,6771000.0,A,True
CLI0345,María Ríos,24524825,2023-02-12,Medellín,3,2898000.0,C,True
CLI0670,Sebastián Torres,71965637,2020-10-19,Bogotá,4,,B,True
CLI0424,Tomás Pérez,17352710,2022-03-13,Medellín,5,2649000.0,B,True
CLI0254,Carlos Medina,15820356,2023-11-14,,4,6601000.0,C,True
CLI0753,Valentina Mora,94819556,2021-09-04,Cali,4,3135000.0,C,True
CLI0325,Luis Moreno,54244334,2022-11-03,Cúcuta,4,2758000.0,B,True
CLI0591,Luis Ortega,48137561,2022-12-14,Bogotá,2,4110000.0,B,True
CLI0010,Carlos López,50193656,2022-07-17,Barranquilla,2,3895000.0,A,True
CLI0250,Gabriel Muñoz,70667140,2023-04-22,Manizales,1,8463000.0,B,False
CLI0023,Juan Torres,85957578,2020-02-13,Bogotá,3,,B,True
CLI0222,Sebastián Martínez,27447248,2021-03-26,Cali,3,1825000.0,A,True
CLI0555,Ana Guerrero,91202508,2019-10-10,Manizales,3,,B,True
CLI0728,Natalia López,12550658,2020-01-17,Pereira,3,4458000.0,B,False
CLI0800,Diana Suárez,55439043,2022-05-25,Cúcuta,5,2226000.0,B,True
CLI0685,Mateo Reyes,84429198,2021-05-05,Cúcuta,3,857000.0,B,True
CLI0341,Carolina Hernández,30767532,2020-10-02,Medellín,4,1694000.0,B,False
CLI0778,Paula Martínez,12729224,2020-09-20,Barranquilla,4,1532000.0,A,True
CLI0204,Manuela Muñoz,16788532,2019-10-12,Cartagena,4,1996000.0,C,True
CLI0238,Mateo Ramos,17032877,2021-08-12,Bogotá,4,2198000.0,A,True
CLI0094,David Torres,69166287,2023-11-17,,3,2300000.0,B,False
CLI0669,Valentina Ríos,69135982,2020-08-11,Bogotá,5,5836000.0,B,True
CLI0369,Valentina Moreno,10819505,2021-05-06,Bogotá,1,2347000.0,C,True
CLI0522,Carolina Herrera,72937522,2023-01-16,Medellín,2,1302000.0,A,True
CLI0285,María Mora,70896652,2022-04-27,Cali,5,6250000.0,A,True
CLI0185,Felipe Herrera,58678896,2022-01-31,Bogotá,4,,C,True
CLI0660,Santiago Mora,70254091,2021-04-13,Cali,4,2303000.0,C,False
CLI0589,Mateo Ríos,84888554,2023-04-29,Bogotá,6,3681000.0,C,True
CLI0154,Andrés Navarro,28760553,2021-03-03,,5,2908000.0,B,True
CLI0076,Jorge Torres,76669607,2020-10-19,Barranquilla,2,2333000.0,B,True
CLI0537,Natalia Pérez,59491122,2021-06-22,Manizales,2,2206000.0,B,True
CLI0795,Alejandro Ríos,54629892,2019-10-01,Bogotá,4,3193000.0,C,True
CLI0278,Juliana Ruiz,88566318,2020-09-12,Cali,4,6165000.0,A,True
CLI0069,Luis Ramos,98346110,2019-06-11,Bogotá,5,2646000.0,B,True
CLI0714,Mateo Díaz,23298711,2023-10-09,Medellín,1,4968000.0,A,True
CLI0189,Sofía Mora,96547189,2020-09-06,Medellín,2,3074000.0,C,True
CLI0272,Alejandro Jiménez,29909029,2020-02-07,Pereira,2,1156000.0,C,True
CLI0237,Juan Ramos,45617024,2021-07-10,Bogotá,3,1795000.0,C,False
CLI0089,Camila Herrera,23041121,2021-06-28,Cartagena,2,5330000.0,B,True
CLI0693,Ana Castro,70306604,2021-10-11,Medellín,2,8797000.0,B,True
CLI0118,Sara García,20106509,2021-06-16,Bogotá,5,2907000.0,C,True
CLI0126,Tomás Álvarez,11868130,2021-01-11,Medellín,1,1759000.0,B,True
CLI0671,David Muñoz,47818761,2020-08-07,Bogotá,3,3567000.0,B,True
CLI0290,Paola Navarro,25356396,2022-07-02,Cali,2,1208000.0,C,True
CLI0239,Andrés García,27013243,2022-10-24,Cali,2,3705000.0,C,True
CLI0001,Alejandro Martínez,48571356,2023-07-25,Medellín,4,2060000.0,B,True
CLI0545,Miguel Torres,61604364,2021-10-24,Cali,4,2329000.0,B,True
CLI0452,Tomás Reyes,20450542,2020-02-12,Cali,3,1461000.0,B,True
CLI0712,Luis Hernández,13783268,2023-12-27,Cali,4,1994000.0,B,True
CLI0629,Felipe Ramos,75266178,2022-01-08,Bogotá,4,1627000.0,A,True
CLI0279,Sofía Ríos,83599154,2022-06-12,Barranquilla,2,4636000.0,B,True
CLI0634,María Romero,20356922,2019-10-09,Cali,4,5016000.0,A,False
CLI0117,Sara Hernández,72858374,2023-05-20,Pereira,3,1376000.0,B,True
CLI0229,David Vargas,27690330,2021-04-18,Cartagena,3,,B,True
CLI0674,María Navarro,80794454,2023-04-24,Medellín,3,2097000.0,B,True
CLI0427,Santiago Reyes,50455821,2021-01-12,Medellín,3,3907000.0,C,True
CLI0441,Daniel González,40884937,2019-09-01,Bogotá,5,1782000.0,A,True
CLI0275,Juan Reyes,46912022,2020-07-16,Medellín,6,5289000.0,C,True
CLI0319,Gabriel Ramos,27463800,2022-08-07,Bogotá,3,2651000.0,B,True
CLI0559,Santiago Vargas,18304547,2020-10-27,Bucaramanga,3,6297000.0,C,True
CLI0145,Felipe Martínez,39711402,2022-08-23,Bogotá,2,4808000.0,B,True
CLI0586,Juliana Sánchez,18846539,2020-09-03,Bogotá,3,5050000.0,B,False
CLI0515,Daniel Sánchez,93821894,2023-01-17,Bogotá,3,2516000.0,A,False
CLI0742,Sara Romero,42002808,2021-04-10,Bogotá,2,3945000.0,B,True
CLI0594,Mateo Hernández,90893133,2022-12-14,Bogotá,3,3149000.0,B,True
CLI0370,Sofía Mora,34347841,2020-05-23,Bogotá,3,1325000.0,B,True
CLI0269,Santiago Navarro,20843514,2023-09-29,Medellín,3,1601000.0,B,True
CLI0576,Valentina Medina,60043345,2022-08-10,Cúcuta,5,1936000.0,A,False
CLI0308,Juan Herrera,44210729,2023-04-20,Bogotá,4,4649000.0,A,True
CLI0311,Paula Ortega,73655158,2022-06-19,Medellín,4,1803000.0,A,True
CLI0458,Gabriel Jiménez,95918360,2019-04-03,,3,2902000.0,A,True
CLI0047,Felipe Suárez,19913576,2019-09-12,Bogotá,2,,C,True
CLI0350,Juliana Ortega,47388792,2023-04-07,Cali,5,719000.0,C,False
CLI0372,Valentina Sánchez,86010330,2019-11-24,Bogotá,6,2584000.0,A,False
CLI0531,Natalia Mora,19957701,2019-03-06,Pereira,3,2022000.0,C,False
CLI0262,Jorge Torres,74287863,2019-11-28,Ibagué,6,2672000.0,B,True
CLI0196,Sebastián Navarro,71031132,2019-12-23,Bogotá,2,5517000.0,B,True
CLI0194,Ana Díaz,35475673,2022-12-05,Cali,3,3039000.0,B,True
CLI0683,Gabriel Torres,74503785,2019-03-18,Bogotá,3,6806000.0,C,True
CLI0108,Camila Hernández,81249799,2023-06-29,Bucaramanga,3,2419000.0,B,True
CLI0060,Alejandro Ríos,24314759,2021-10-15,Bogotá,2,,B,True
CLI0630,Felipe Flores,35770506,2020-07-09,Bogotá,5,2430000.0,A,True
CLI0446,Natalia Rodríguez,19673809,2023-06-16,Cúcuta,4,2930000.0,B,True
CLI0101,Alejandro Vargas,53851498,2019-04-28,Bogotá,2,3258000.0,B,True
CLI0484,Mateo Navarro,20251466,2021-11-09,Cali,1,,B,True
CLI0733,Jorge Díaz,91722503,2020-08-27,Barranquilla,4,2654000.0,A,True
CLI0592,Ana Torres,43822301,2020-02-29,Cali,2,3046000.0,C,True
CLI0704,Juan Torres,63211150,2019-08-08,Bogotá,3,2266000.0,B,True
CLI0180,Felipe González,59731689,2020-10-16,Bogotá,3,4337000.0,A,True
CLI0305,Tomás Jiménez,67279295,2020-06-26,Barranquilla,6,1708000.0,B,False
CLI0283,Daniel Navarro,81210133,2022-08-05,Medellín,3,2264000.0,A,True
CLI0483,Juan Vargas,32566390,2023-08-24,,3,1757000.0,A,False
CLI0786,Andrés Díaz,12179995,2020-09-28,Cartagena,2,4674000.0,C,True
CLI0150,Miguel Ramírez,50559278,2023-02-15,Bogotá,3,1973000.0,B,True
CLI0125,María Ramírez,62958901,2021-01-20,Bogotá,3,2644000.0,B,True
CLI0645,Ana Flores,90161060,2022-07-30,Bogotá,5,1859000.0,B,True
CLI0709,Isabella Guerrero,20952896,2022-01-17,Bogotá,4,1205000.0,B,False
CLI0186,Paula Guerrero,23335151,2022-01-15,Barranquilla,3,1629000.0,A,True
CLI0549,Santiago Navarro,15505975,2023-11-23,Medellín,6,1151000.0,C,True
CLI0051,Isabella Torres,50151803,2023-12-27,Ibagué,2,2669000.0,A,True
CLI0781,David Ramos,15843091,2022-11-06,,2,4937000.0,B,True
CLI0558,Paola Herrera,30248230,2022-02-22,Bogotá,3,2702000.0,A,True
CLI0514,Sebastián Moreno,95268296,2020-04-11,Manizales,4,4966000.0,A,False
CLI0322,Manuela Guerrero,88714010,2020-05-16,Barranquilla,6,3984000.0,B,True
CLI0354,Sara Vargas,85291541,2019-08-06,Bogotá,4,1699000.0,B,True
CLI0755,Isabella Díaz,87181563,2020-05-23,Bogotá,2,2645000.0,A,True
CLI0143,Paola Ruiz,54024257,2021-03-26,Medellín,4,3738000.0,A,True
CLI0371,Carlos Flores,29226889,2023-11-08,,4,3982000.0,B,True
CLI0142,Isabella Suárez,85350823,2021-01-21,Bogotá,3,2038000.0,A,True
CLI0400,Sebastián Ramírez,69473616,2021-10-10,Bucaramanga,2,5053000.0,C,True
CLI0264,Luis Ríos,67213476,2022-12-23,Medellín,3,2183000.0,B,True
CLI0321,Valentina Mora,18050510,2021-09-16,Cali,5,899000.0,B,True
CLI0020,Carlos Reyes,42775624,2020-02-17,Bogotá,3,2770000.0,B,True
CLI0173,Alejandro Suárez,97902129,2019-12-20,Medellín,4,2004000.0,C,True
CLI0799,Carolina López,83284724,2023-03-12,Barranquilla,2,1958000.0,A,True
CLI0313,Santiago Pérez,22243983,2019-03-04,Bogotá,2,2417000.0,B,True
CLI0391,Carlos Rodríguez,90023800,2021-11-01,Ibagué,2,2003000.0,A,True
CLI0761,Sebastián Ruiz,92518345,2023-03-24,Bogotá,3,1874000.0,C,True
CLI0013,Carlos Muñoz,53536830,2019-10-04,Pereira,2,4650000.0,A,True
CLI0408,Manuela Ríos,38933176,2022-01-04,Bogotá,3,8583000.0,A,True
CLI0409,David Ruiz,78765957,2019-01-17,Cartagena,3,3474000.0,B,True
CLI0306,Carlos Pérez,51946203,2022-08-26,Ibagué,2,3066000.0,A,False
CLI0355,Carolina Vargas,93446356,2020-10-15,Bogotá,4,3536000.0,C,True
CLI0026,Laura López,33497411,2020-10-08,Bucaramanga,5,1782000.0,C,True
CLI0606,Paula Reyes,27307598,2022-10-17,Medellín,3,1813000.0,C,True
CLI0170,Natalia Ruiz,88831486,2023-10-13,Cali,3,3438000.0,B,True
CLI0039,Miguel Sánchez,71682508,2021-01-01,Barranquilla,3,2842000.0,C,False
CLI0176,Juan Herrera,92631441,2019-06-29,Bogotá,3,3020000.0,B,True
CLI0246,Tomás López,58592048,2022-02-03,Cúcuta,4,1212000.0,B,True
CLI0299,Natalia Romero,55490631,2019-02-28,Cali,4,2644000.0,B,False
CLI0679,Isabella Mora,28575536,2021-12-31,Ibagué,4,1098000.0,B,True
CLI0417,Juan Reyes,80723898,2021-01-19,Bogotá,2,1702000.0,B,True
CLI0653,Manuela Suárez,15864298,2019-07-25,Cali,5,2572000.0,B,True
CLI0273,Gabriel Torres,18815720,2022-07-24,Manizales,1,2579000.0,C,True
CLI0621,Miguel Flores,78248169,2021-06-24,Bogotá,3,3825000.0,B,True
CLI0155,María Guerrero,16086345,2022-02-24,Ibagué,3,1460000.0,C,True
CLI0127,Andrés López,45495029,2021-02-23,Pereira,3,2192000.0,A,False
CLI0450,Miguel Ríos,12515446,2023-03-27,Bogotá,4,2161000.0,B,True
CLI0580,Natalia Ortega,55414869,2022-06-03,Bogotá,3,2771000.0,B,True
CLI0342,Laura Moreno,98145654,2023-10-31,Medellín,3,2752000.0,B,True
CLI0431,David Díaz,48848936,2021-03-02,Bogotá,5,,A,True
CLI0288,Natalia González,67740376,2019-12-17,Cali,2,1617000.0,B,True
CLI0114,Jorge Castro,49613214,2023-10-05,Pereira,3,834000.0,B,True
CLI0649,Paula Ruiz,34272734,2021-04-26,Bucaramanga,5,3422000.0,C,True
CLI0174,Laura Rodríguez,23290458,2022-12-31,Bogotá,2,4063000.0,B,False
CLI0360,Isabella Jiménez,91737913,2021-07-09,Cali,1,4969000.0,C,True
CLI0584,Valentina Torres,96879854,2020-07-25,Bogotá,3,3265000.0,A,True
CLI0058,Felipe Moreno,61632653,2021-10-13,Bogotá,3,3093000.0,C,True
CLI0560,Santiago Navarro,70468188,2022-09-18,Cali,3,2604000.0,B,True
CLI0223,Tomás Álvarez,82506491,2023-01-08,Bogotá,5,2061000.0,B,True
CLI0281,Carlos Martínez,61124122,2019-07-11,Cartagena,4,2417000.0,B,True
CLI0018,Miguel Torres,67805802,2019-03-17,Medellín,3,2610000.0,B,True
CLI0128,Juliana Díaz,82017516,2022-03-07,Manizales,3,1797000.0,A,True
CLI0323,Diana Ramírez,85374852,2023-07-07,Barranquilla,5,3729000.0,C,False
CLI0256,Valentina Ramos,79987997,2023-08-30,Cali,3,4610000.0,B,True
CLI0546,Juan Guerrero,72104107,2023-05-07,Medellín,3,1908000.0,B,True
CLI0471,Sara González,24208709,2020-11-02,Bogotá,4,1007000.0,B,True
CLI0607,Ana Martínez,89865081,2022-01-17,Bogotá,4,4140000.0,C,True
CLI0469,Juliana Pérez,21828592,2021-11-21,Bogotá,4,4405000.0,B,True
CLI0784,Natalia Guerrero,60103798,2022-12-11,Bogotá,3,2907000.0,B,True
CLI0191,Sara Reyes,18126895,2019-11-19,Bogotá,4,3942000.0,B,False
CLI0116,Sofía Reyes,25457816,2022-10-20,Manizales,3,3192000.0,B,False
CLI0524,Miguel Herrera,94743076,2023-05-06,Manizales,2,1831000.0,B,True
CLI0721,Daniel Díaz,73411827,2020-11-08,,2,3384000.0,B,True
CLI0552,Miguel Romero,97488142,2023-01-29,Manizales,3,3620000.0,A,True
CLI0095,Sofía Guerrero,14478111,2020-12-23,Bucaramanga,4,2031000.0,C,True
CLI0181,Natalia Pérez,39161443,2022-09-29,Bogotá,3,2271000.0,A,True
CLI0302,Diana Guerrero,65833185,2022-08-06,Cali,6,2179000.0,C,True
CLI0626,Manuela Romero,34194479,2020-03-14,Medellín,6,4444000.0,C,True
CLI0590,Camila Sánchez,61883769,2020-08-14,Bogotá,3,2973000.0,C,True
CLI0599,Camila Flores,99068509,2022-02-21,Bogotá,4,2526000.0,A,True
CLI0569,Daniel Díaz,68754920,2022-01-23,Cartagena,2,2154000.0,C,True
CLI0618,Alejandro Medina,96707983,2023-01-02,Bogotá,2,3009000.0,A,False
CLI0726,Valentina Muñoz,10704803,2020-06-10,Manizales,3,2500000.0,C,True
CLI0550,Felipe Ramírez,70362235,2023-10-04,,1,2819000.0,B,True
CLI0006,Isabella Ortega,95060193,2022-11-03,Bogotá,4,1893000.0,B,True
CLI0306,Carlos Pérez,51946203,2022-08-26,Ibagué,2,3066000.0,A,False
CLI0046,Sebastián Torres,31203129,2020-07-13,Barranquilla,3,3364000.0,B,True
CLI0741,Sebastián Sánchez,16408822,2022-08-01,Medellín,4,,C,True
CLI0158,Santiago Medina,76118957,2023-05-07,Bucaramanga,1,1991000.0,C,True
CLI0614,Ana Martínez,27152188,2019-10-27,Bogotá,2,1979000.0,B,True
CLI0172,María Medina,65684858,2021-07-14,Bogotá,5,7090000.0,B,True
CLI0017,Diana Ruiz,60310319,2021-07-26,Bogotá,3,1949000.0,B,True
CLI0512,Valentina Álvarez,85764804,2022-03-30,Medellín,5,1174000.0,A,True
CLI0049,Camila Castro,56381032,2021-01-23,Cali,3,3188000.0,B,True
CLI0790,Alejandro López,42363373,2020-08-27,Cúcuta,4,1727000.0,B,True
CLI0516,Andrés Álvarez,53380275,2019-04-16,Bogotá,4,4109000.0,C,True
CLI0570,Alejandro Ríos,68978194,2020-12-26,Bogotá,2,2859000.0,B,True
CLI0481,Sebastián Vargas,39738898,2020-11-19,Cali,4,3732000.0,B,True
CLI0284,Jorge Muñoz,49580505,2019-12-12,Bogotá,5,4369000.0,A,True
CLI0544,Gabriel Ortega,78057490,2021-04-20,Barranquilla,4,1389000.0,B,True
CLI0226,Carolina López,24754064,2021-12-12,Bogotá,3,3197000.0,C,True
CLI0027,Sebastián Martínez,20598952,2020-09-27,Bogotá,3,1922000.0,A,True
CLI0641,Sofía López,98842638,2019-04-14,Bogotá,6,1536000.0,B,True
CLI0438,Sofía López,27339011,2022-06-30,Pereira,3,2204000.0,C,True
CLI0365,Isabella Moreno,46677730,2020-08-17,Cúcuta,2,2828000.0,C,True
CLI0230,Sara Torres,11994519,2023-08-14,Cali,4,2034000.0,A,True
CLI0038,Paula Castro,44088261,2020-08-08,Bogotá,3,2329000.0,C,True
CLI0785,Alejandro González,44044361,2023-04-26,Bogotá,6,,A,True
CLI0375,Alejandro Vargas,19339597,2022-03-29,Bogotá,4,3062000.0,B,True
CLI0470,Gabriel Ruiz,68614462,2019-10-14,Ibagué,3,2535000.0,B,True
CLI0787,Manuela Torres,57928328,2022-11-14,Cali,4,2941000.0,A,True
CLI0694,Natalia Vargas,78901038,2020-01-17,Bogotá,2,1361000.0,B,False
CLI0762,Sara Vargas,57354167,2020-06-30,Bogotá,2,2330000.0,B,True
CLI0195,Luis Guerrero,26395999,2022-07-30,Bogotá,3,2393000.0,B,True
CLI0696,Laura Guerrero,68716573,2023-11-22,Cali,4,3303000.0,A,True
CLI0705,Juan Martínez,77378254,2020-11-17,Bogotá,3,3171000.0,A,True
CLI0504,Mateo Castro,20113745,2022-07-12,Pereira,3,2979000.0,B,True
CLI0789,Daniel Moreno,56278607,2022-08-01,Medellín,3,3849000.0,A,True
CLI0680,Paula Álvarez,43554863,2023-02-21,Manizales,3,3747000.0,C,True
CLI0788,Juan Romero,19067690,2019-08-29,Medellín,3,,B,True
CLI0163,Miguel Díaz,28208520,2022-06-07,Cali,2,4190000.0,B,True
CLI0582,Paola Ríos,17028380,2020-01-29,Ibagué,3,1998000.0,B,True
CLI0153,María Ramírez,25659979,2021-11-26,Bogotá,2,2271000.0,B,True
CLI0757,Felipe Muñoz,29270557,2020-06-18,Cali,4,2487000.0,B,True
CLI0581,Sofía Vargas,90246882,2021-09-18,Medellín,2,2419000.0,A,True
CLI0622,Andrés Ramírez,58563745,2022-09-05,Bogotá,3,1219000.0,A,True
CLI0112,Alejandro Hernández,44489940,2019-03-05,Bogotá,3,3766000.0,B,True
CLI0227,Natalia Medina,98725654,2021-04-21,Ibagué,5,1563000.0,B,True
CLI0571,Ana Ruiz,80339290,2022-10-16,Medellín,6,5529000.0,B,False
CLI0104,Felipe García,36950221,2022-07-29,Medellín,3,1372000.0,A,True
CLI0422,Gabriel Ramos,63051354,2021-03-31,Bucaramanga,2,2036000.0,B,True
CLI0420,Juliana Navarro,16095815,2021-01-19,Bucaramanga,3,2538000.0,C,True
CLI0120,Ana García,40281491,2019-09-16,,2,3474000.0,A,True
CLI0054,Andrés Romero,43567615,2021-06-19,Cartagena,5,2560000.0,A,True
CLI0152,Daniel Suárez,64800542,2021-10-19,Bogotá,4,2846000.0,B,True
CLI0404,Paula Reyes,91480362,2022-09-01,Pereira,3,3245000.0,B,False
CLI0769,Juliana Díaz,21490910,2020-06-19,Bogotá,4,1298000.0,A,True
CLI0208,Luis Rodríguez,85776373,2019-02-23,,4,2702000.0,A,True
CLI0689,Santiago Pérez,48260510,2019-03-16,Bucaramanga,3,,C,True
CLI0639,Andrés Pérez,80669879,2020-05-05,Bogotá,2,4132000.0,B,True
CLI0009,Natalia Rodríguez,32329103,2021-09-07,Cali,3,3106000.0,B,True
CLI0797,Ana Guerrero,15950635,2019-11-10,Cúcuta,3,2646000.0,C,True
CLI0037,Carolina Navarro,95618110,2020-01-27,Bogotá,5,2918000.0,C,True
CLI0453,Miguel Moreno,52018286,2022-05-18,,2,2833000.0,B,True
CLI0254,Carlos Medina,15820356,2023-11-14,,4,6601000.0,C,True
CLI0304,Manuela Pérez,51949529,2022-03-27,Cali,5,3305000.0,B,True
CLI0389,Diana Herrera,53537934,2019-07-04,Bucaramanga,3,3329000.0,B,True
CLI0572,Manuela García,80162053,2023-05-01,Bucaramanga,2,4007000.0,B,True
CLI0588,Juliana Muñoz,22684373,2020-09-01,Bogotá,2,2699000.0,B,True
CLI0596,Laura Mora,54743095,2020-10-11,Medellín,4,2810000.0,B,True
CLI0263,Valentina Romero,63904155,2020-10-22,Bogotá,4,2479000.0,C,True
CLI0298,Tomás Guerrero,65541117,2023-11-05,Bogotá,2,735000.0,B,True
CLI0415,Isabella Hernández,89609131,2020-06-25,Cali,4,2887000.0,B,True
CLI0151,Carlos López,97139443,2020-01-17,Cartagena,4,6623000.0,B,True
CLI0767,Mateo Jiménez,99170406,2022-03-19,Bucaramanga,4,3601000.0,B,True
CLI0724,Manuela Ramírez,70210270,2021-07-28,Bucaramanga,2,2787000.0,B,False
CLI0551,Mateo Ruiz,86726461,2023-02-15,,5,,B,True
CLI0489,Ana García,78444607,2020-09-05,Cúcuta,1,2420000.0,B,True
CLI0148,Carlos Álvarez,95282470,2019-08-21,Medellín,5,1907000.0,A,True
CLI0147,Andrés Vargas,18484847,2020-05-26,Cali,2,2715000.0,B,True
CLI0597,Luis Flores,20939011,2021-09-09,Barranquilla,3,2637000.0,C,True
CLI0758,Ana Castro,49093864,2021-02-24,Cali,3,1914000.0,B,True
CLI0610,Ana Díaz,85017250,2023-08-04,Barranquilla,5,5950000.0,B,True
CLI0349,Isabella Ortega,25419645,2019-09-25,Medellín,5,1652000.0,B,True
CLI0464,Santiago Jiménez,53589647,2021-08-28,Cali,3,2401000.0,B,True
CLI0326,Juan Torres,99927658,2021-04-11,Bucaramanga,3,3376000.0,C,False
CLI0187,Sofía Martínez,59302863,2020-08-17,Pereira,4,2423000.0,C,True
CLI0124,Valentina Ramírez,22120246,2022-08-14,Bogotá,4,2492000.0,B,True
CLI0695,Juan Medina,29776801,2023-03-14,Bogotá,4,3000000.0,C,True
CLI0144,Tomás Hernández,91883846,2020-10-05,Bogotá,4,3062000.0,A,True
CLI0779,Paula Guerrero,62405812,2019-11-24,Barranquilla,4,2750000.0,A,True
CLI0198,Sebastián García,98955314,2021-01-10,Cartagena,2,3725000.0,B,True
CLI0280,Natalia Muñoz,53645651,2021-12-28,Pereira,5,3478000.0,A,True
CLI0294,Luis Medina,38859907,2023-09-22,Medellín,3,,B,True
CLI0401,Jorge Suárez,98843907,2022-05-08,Bogotá,4,2582000.0,B,True
CLI0123,Gabriel Herrera,59093496,2023-05-14,Bogotá,5,4586000.0,C,True
CLI0184,Sara López,41690501,2019-05-13,Manizales,2,1105000.0,C,True
CLI0203,Daniel Ortega,12866549,2023-06-11,Bogotá,5,3204000.0,C,True
CLI0439,Jorge González,61030579,2022-10-25,Barranquilla,6,3210000.0,A,False
CLI0247,Tomás Ramírez,78885632,2022-08-03,Medellín,2,1347000.0,C,True
CLI0416,Sofía Romero,75314742,2023-01-29,Medellín,2,4842000.0,B,True
CLI0723,Alejandro Romero,72962895,2023-02-06,Bogotá,3,3437000.0,C,True
CLI0130,Mateo Muñoz,71040347,2022-05-24,Medellín,3,5782000.0,B,True
CLI0403,Tomás Reyes,75184410,2023-09-23,Medellín,1,,B,True
CLI0688,Felipe Ramos,26733967,2019-12-27,Bogotá,4,6461000.0,C,True
CLI0650,Andrés Medina,93851247,2020-11-07,Medellín,4,2684000.0,B,True
CLI0743,David Ortega,66348030,2023-08-21,Bucaramanga,3,4110000.0,B,True
CLI0220,Andrés Medina,47215199,2019-05-15,Manizales,1,1543000.0,B,True
CLI0745,Paula López,93592219,2021-11-21,Bogotá,6,3709000.0,B,False
CLI0619,María González,99987086,2019-06-11,Pereira,3,2519000.0,B,True
CLI0783,Juliana González,61926331,2023-12-24,Bogotá,3,688000.0,A,True
CLI0686,Camila Díaz,23769360,2023-12-12,Cali,3,2353000.0,A,True
CLI0627,Diana Reyes,38748452,2020-02-18,Medellín,1,1638000.0,A,True
CLI0387,Mateo Ramírez,59667685,2021-10-15,Bogotá,4,,A,True
CLI0791,Paula Vargas,98195059,2021-01-22,Bogotá,4,3316000.0,B,True
CLI0510,Laura Álvarez,87774890,2023-05-23,Barranquilla,4,3631000.0,B,True
CLI0268,David Díaz,19863756,2020-08-04,Barranquilla,2,5204000.0,C,True
CLI0672,Ana Ruiz,61254050,2022-08-15,Cartagena,4,3353000.0,A,True
CLI0442,Daniel Sánchez,77144075,2019-09-21,Ibagué,4,3097000.0,C,True
CLI0497,Gabriel García,29655410,2021-05-03,Cali,2,4105000.0,C,True
CLI0113,Carolina Sánchez,74672520,2019-10-20,Cúcuta,4,2065000.0,B,False
CLI0233,Diana Torres,89034501,2019-09-14,Cali,2,1880000.0,A,True
CLI0710,Sofía Ruiz,60319927,2021-12-09,Barranquilla,4,4723000.0,B,True
CLI0608,Paula García,21370793,2021-02-16,Medellín,4,3244000.0,B,True
CLI0374,Miguel Romero,63792364,2020-11-01,Barranquilla,3,11261000.0,B,True
CLI0234,Sebastián González,53455870,2020-10-11,Medellín,2,3583000.0,B,True
CLI0644,Daniel Romero,27589104,2020-04-07,Bogotá,3,3036000.0,B,True
CLI0318,Diana Sánchez,60015814,2020-08-16,Bogotá,5,2369000.0,C,True
CLI0411,Diana Ramos,56328316,2019-08-09,Bogotá,3,2921000.0,B,True
CLI0732,Alejandro Mora,83659258,2023-06-08,Pereira,4,2922000.0,B,True
CLI0359,David Flores,13523729,2020-07-01,Cúcuta,5,2465000.0,B,True
CLI0259,Santiago Martínez,96347724,2019-11-10,Cali,3,3799000.0,A,True
CLI0628,David Moreno,55866538,2023-08-23,Bucaramanga,6,2225000.0,B,True
CLI0633,Miguel Romero,30796389,2020-07-10,Medellín,3,4827000.0,A,True
CLI0283,Daniel Navarro,81210133,2022-08-05,Medellín,3,2264000.0,A,True
CLI0377,Felipe Medina,94982908,2020-10-02,Manizales,4,2209000.0,C,True
CLI0385,Carolina Vargas,55754284,2023-12-06,Bucaramanga,2,,B,True
CLI0225,Carolina Rodríguez,33420607,2021-09-07,Bogotá,5,5674000.0,B,True
CLI0775,Ana Rodríguez,78092370,2022-09-29,Pereira,2,,C,True
CLI0668,Felipe Ríos,86560394,2023-03-29,Bogotá,3,2854000.0,B,False
CLI0473,Carlos Ramos,68475513,2020-10-14,Bogotá,4,2103000.0,B,True
CLI0348,Manuela Muñoz,59333209,2021-03-27,Bogotá,4,2782000.0,B,True
CLI0506,Carolina Ortega,94281857,2022-05-07,Bogotá,5,3353000.0,B,True
CLI0640,Diana Pérez,15066382,2020-05-11,Medellín,4,5537000.0,B,True
CLI0737,Natalia Mora,48668339,2020-01-31,Medellín,2,1890000.0,C,True
CLI0756,Paula González,42472386,2019-01-14,Pereira,2,1800000.0,A,True
CLI0737,Natalia Mora,48668339,2020-01-31,Medellín,2,1890000.0,C,True
CLI0620,Jorge Herrera,66828640,2020-12-10,Bucaramanga,5,3855000.0,B,True
CLI0697,Camila Vargas,22309586,2020-08-15,,4,4363000.0,B,True
CLI0646,María Ramírez,60562485,2020-04-21,Cartagena,2,3239000.0,A,True
CLI0690,Miguel Jiménez,21257528,2023-09-09,Bogotá,3,3347000.0,A,True
CLI0557,Ana Sánchez,77292380,2020-02-29,Bogotá,5,4344000.0,C,False
CLI0578,Ana Muñoz,61998170,2022-11-20,,3,,C,True
CLI0086,Mateo Rodríguez,98473848,2021-05-22,Bogotá,2,2508000.0,A,True
CLI0243,Luis Hernández,18530615,2023-12-04,Cartagena,3,2961000.0,C,True
CLI0160,Sofía González,23044889,2022-12-12,Barranquilla,4,3408000.0,A,True
CLI0525,María Castro,50643870,2023-09-19,Pereira,6,7109000.0,B,False
CLI0036,Gabriel Suárez,71894493,2022-08-17,Pereira,3,3195000.0,B,True
CLI0541,Sara Muñoz,22119391,2021-04-25,,3,1360000.0,B,True
CLI0171,Paula Ortega,30739712,2019-06-01,Barranquilla,4,3286000.0,A,True
CLI0655,Manuela Ramos,58895439,2023-04-28,Medellín,1,2382000.0,B,True
CLI0699,Ana Flores,70549373,2019-03-18,Bogotá,3,3074000.0,B,True
CLI0691,Alejandro Mora,31516757,2021-03-24,Bogotá,2,2171000.0,A,True
CLI0768,María Vargas,99686286,2019-01-24,Manizales,2,4081000.0,B,True
CLI0096,Carlos Medina,87789079,2022-06-13,Medellín,2,2336000.0,B,True
CLI0564,David Sánchez,77719420,2020-10-04,Bogotá,4,1312000.0,B,True
CLI0241,Miguel Martínez,80610004,2020-12-06,Cúcuta,3,5822000.0,B,True
CLI0575,Daniel Ramírez,58841557,2022-10-26,Manizales,2,1016000.0,A,True
CLI0461,Manuela Romero,25458308,2023-01-01,Bogotá,3,3561000.0,B,True
CLI0554,Juan García,53154591,2022-12-16,Cali,4,1908000.0,B,True
CLI0716,Mateo Rodríguez,55001909,2021-08-16,Cúcuta,1,10984000.0,B,True
CLI0207,Luis Flores,26901217,2021-10-08,Bogotá,4,4673000.0,C,True
CLI0393,Carolina Guerrero,17061037,2020-05-08,Medellín,3,2302000.0,B,True
CLI0398,Daniel Ríos,20949687,2019-04-14,Medellín,6,1655000.0,B,True
CLI0692,Ana López,46613428,2023-06-02,Medellín,3,2552000.0,C,True
CLI0218,Paula Pérez,89991301,2023-12-16,Bucaramanga,3,3623000.0,A,True
CLI0005,Juliana Martínez,23212812,2023-05-15,Bogotá,3,2718000.0,A,True
CLI0643,Natalia Ruiz,92950779,2021-12-23,Bogotá,4,2645000.0,B,True
CLI0731,Felipe Martínez,30068183,2020-11-21,Bogotá,3,3595000.0,B,True
CLI0613,Santiago Guerrero,54087376,2023-07-06,Cali,3,4199000.0,A,True
CLI0547,Diana Mora,87890494,2022-06-06,Bogotá,3,3090000.0,C,True
CLI0684,Miguel Rodríguez,59823245,2019-12-25,Barranquilla,1,1770000.0,C,True
CLI0099,Sofía Reyes,22097496,2022-08-02,Bogotá,1,2877000.0,C,True
CLI0574,Diana Moreno,31306555,2023-01-16,Cali,3,1792000.0,A,True
CLI0407,Diana Pérez,46663833,2020-08-08,Medellín,4,4567000.0,C,True
CLI0503,Daniel Torres,97980930,2022-11-10,Bogotá,2,1763000.0,C,False
CLI0048,Gabriel Castro,69287967,2023-06-26,Medellín,6,1016000.0,B,True
CLI0033,Laura Ramos,88270025,2020-06-02,Bogotá,2,,A,True
CLI0201,Manuela Ruiz,95831286,2019-09-06,Cali,2,2904000.0,C,True
CLI0135,David Guerrero,95704631,2021-01-31,Cúcuta,2,1981000.0,C,True
CLI0028,Paola Guerrero,91804602,2021-11-21,Medellín,3,4668000.0,B,True
CLI0718,Sofía González,28468304,2020-01-30,Ibagué,5,,A,True
CLI0231,Luis Medina,58082464,2022-03-23,Pereira,1,2520000.0,B,True
CLI0490,Juliana Muñoz,36025314,2021-08-30,Cartagena,2,2287000.0,B,True
CLI0379,Ana Herrera,22315507,2023-04-12,Pereira,4,2816000.0,B,True
CLI0289,María Flores,23311507,2022-09-11,Bogotá,6,2852000.0,C,True
CLI0419,Carolina Mora,51395350,2021-04-05,Barranquilla,4,,A,True
CLI0675,Natalia Ortega,66191704,2019-07-03,Medellín,3,1878000.0,C,True
CLI0392,Diana Díaz,21402740,2021-07-25,Medellín,3,,C,True
CLI0593,Juliana Álvarez,98122539,2022-11-14,Bogotá,2,,C,True
CLI0499,Diana González,36477373,2020-09-22,Ibagué,4,2554000.0,A,True
CLI0139,Juliana Ríos,73280554,2022-03-21,Medellín,2,,C,True
CLI0063,Gabriel Reyes,86762164,2021-11-29,Pereira,3,3407000.0,A,True
CLI0472,Carolina Muñoz,42657384,2022-06-09,Ibagué,5,3919000.0,B,True
CLI0648,Valentina Ríos,31776452,2019-07-25,Barranquilla,4,2659000.0,B,True
CLI0129,Gabriel López,26587799,2019-03-08,Bogotá,4,2476000.0,A,False
CLI0794,Sebastián Vargas,88101741,2020-03-24,Cali,2,9266000.0,B,True
CLI0521,Paula Medina,19165226,2022-07-12,Cali,2,2769000.0,B,False
CLI0065,Diana Mora,87149951,2023-06-29,Bogotá,3,2711000.0,B,True
CLI0015,Alejandro Ríos,49375156,2023-01-06,Bogotá,5,5681000.0,B,True
CLI0157,David Ramírez,50851122,2020-06-20,Barranquilla,3,4594000.0,B,True
CLI0041,María Medina,99501846,2023-05-19,Bogotá,1,3681000.0,B,True
CLI0493,Andrés Reyes,96629889,2021-01-24,Bogotá,3,3836000.0,B,True
CLI0380,Tomás Herrera,81200181,2019-11-23,Bogotá,3,1401000.0,C,False
CLI0188,María Suárez,83076970,2023-12-31,Cali,3,2363000.0,A,True
CLI0217,David López,29804386,2022-06-07,Bogotá,2,4782000.0,B,True
CLI0053,Isabella Suárez,66949781,2023-03-03,Cúcuta,2,2777000.0,B,True
CLI0338,Natalia Castro,87566910,2020-11-27,Barranquilla,3,1859000.0,B,True
CLI0720,Felipe Navarro,48504300,2019-08-19,Bucaramanga,5,3043000.0,C,True
CLI0725,Daniel Pérez,92590645,2022-08-20,Cali,3,2449000.0,C,True
CLI0296,Laura Castro,70606674,2019-03-26,Medellín,2,2106000.0,C,True
CLI0702,Sofía Rodríguez,65686520,2022-03-09,Bogotá,3,2293000.0,C,True
CLI0252,Carolina Herrera,39735904,2021-06-05,Medellín,3,2908000.0,A,True
CLI0727,Carlos Muñoz,20633503,2023-01-11,Bogotá,3,2452000.0,C,True
CLI0462,Tomás Ramírez,64362516,2020-11-13,Cali,4,4410000.0,A,True
CLI0456,Mateo Moreno,86960402,2021-10-21,Medellín,3,1973000.0,C,True
CLI0159,Ana Sánchez,25585427,2020-06-17,Bogotá,2,1671000.0,B,True
CLI0270,Sara Guerrero,53233116,2019-06-11,Bogotá,3,2453000.0,B,True
CLI0202,Valentina Jiménez,90147573,2020-02-16,Bogotá,3,1493000.0,C,True
CLI0162,Tomás Álvarez,82148284,2020-03-15,Cali,4,3699000.0,A,True
CLI0556,Juan Pérez,73837847,2021-11-28,Medellín,5,1871000.0,B,True
CLI0730,Sara Martínez,38944689,2023-02-17,Bogotá,3,713000.0,B,True
CLI0402,Daniel García,66910299,2023-12-13,Cartagena,1,3281000.0,C,False
CLI0703,Felipe López,17148018,2022-05-19,Bogotá,1,3540000.0,B,True
CLI0477,Alejandro Jiménez,20555833,2023-02-23,Bogotá,2,3683000.0,C,True
CLI0106,Juliana Torres,82398083,2021-01-14,Bogotá,5,4075000.0,C,True
CLI0566,Juliana Jiménez,33160465,2021-07-30,Cali,2,3365000.0,B,True
CLI0390,Luis González,86181117,2021-03-16,Pereira,4,1829000.0,C,False
CLI0002,Carlos Ortega,40532691,2022-08-09,Cúcuta,2,1695000.0,A,True
CLI0763,Paula Sánchez,42287985,2020-11-06,Bogotá,4,1142000.0,B,True
CLI0562,Tomás Torres,56095437,2021-12-12,Bogotá,2,1354000.0,A,True
CLI0081,Natalia Navarro,39394291,2020-08-28,Manizales,2,2593000.0,B,True
CLI0206,Ana González,42691263,2023-06-07,Bogotá,4,3485000.0,C,True
CLI0035,Sofía Flores,41163805,2023-03-23,Ibagué,3,7600000.0,B,True
CLI0509,Camila Flores,85663295,2022-09-04,Cúcuta,3,793000.0,B,True
CLI0428,Diana Mora,38351344,2022-02-07,Cartagena,3,3423000.0,B,True
CLI0455,Paola Flores,67617561,2021-04-02,Bogotá,4,1706000.0,B,True
CLI0367,Tomás Pérez,55610493,2023-11-05,Ibagué,4,3095000.0,B,True
CLI0092,Sebastián Moreno,15291208,2019-03-28,Barranquilla,5,5235000.0,B,True
CLI0340,Juan Jiménez,38553319,2019-10-22,Bogotá,3,4488000.0,A,True
CLI0565,Andrés Ramírez,96721710,2019-12-21,Medellín,4,3018000.0,A,True
CLI0346,Natalia García,56991504,2023-10-29,Cali,5,2269000.0,A,True
CLI0242,Andrés Muñoz,25253751,2019-09-20,Cúcuta,4,2236000.0,C,False
CLI0014,Luis Ríos,17532195,2019-05-10,Bogotá,5,1553000.0,B,True
CLI0316,Paula Rodríguez,67965485,2022-07-08,Barranquilla,3,,B,True
CLI0601,Sofía González,56952151,2023-01-17,Bogotá,2,2091000.0,B,True
CLI0388,Isabella Flores,51827259,2019-02-17,Bogotá,2,3928000.0,B,True
CLI0274,María García,26937148,2022-02-02,Cartagena,1,2534000.0,B,True
CLI0167,Laura Martínez,99991136,2020-02-14,Bogotá,4,2315000.0,B,True
CLI0236,Valentina Ruiz,33386929,2019-06-01,Barranquilla,4,3233000.0,C,True
CLI0647,Valentina Ríos,30703455,2019-04-18,Cali,4,2162000.0,B,True
CLI0485,Sebastián Torres,78515906,2021-12-26,Cali,3,2103000.0,B,False
CLI0798,Sofía Rodríguez,57284777,2021-07-20,Cali,2,1207000.0,C,True
CLI0505,Camila Romero,33776150,2019-02-24,Barranquilla,4,4151000.0,B,True
CLI0244,Santiago González,73920651,2023-08-25,Medellín,4,4072000.0,C,True
CLI0567,Ana Muñoz,15253567,2021-12-27,Medellín,4,1314000.0,C,True
CLI0563,Sofía García,21318464,2021-02-10,,4,1189000.0,B,True
CLI0687,David Suárez,79244185,2023-09-12,Cali,3,4393000.0,B,True
CLI0190,Carlos López,58140388,2023-10-10,Bogotá,4,3863000.0,C,True
CLI0700,Isabella Moreno,56920514,2019-01-19,Medellín,5,,C,True
CLI0476,Carlos López,80325062,2022-06-16,Ibagué,2,2916000.0,C,True
CLI0682,Mateo Medina,96057593,2023-10-08,Bogotá,2,2981000.0,A,True
CLI0511,Carlos Ramos,70251043,2023-05-09,Cali,2,1994000.0,B,True
CLI0059,Santiago Ramos,74855088,2022-11-18,Bogotá,3,1981000.0,A,True
CLI0475,Miguel Medina,63747464,2021-03-15,Medellín,3,3108000.0,B,True
CLI0561,Carolina Ríos,23891786,2021-09-06,,5,1946000.0,B,True
CLI0748,Natalia Vargas,24879094,2021-03-31,Cali,3,3251000.0,A,True
CLI0253,Alejandro Hernández,92558242,2021-10-26,Manizales,5,5357000.0,A,True
CLI0022,Daniel Jiménez,65304649,2023-06-09,Bogotá,1,1769000.0,C,True
CLI0314,Manuela Ríos,21457410,2021-10-16,Ibagué,3,3158000.0,C,True
CLI0460,Juliana Muñoz,48858073,2019-10-08,Bogotá,3,,C,True
CLI0161,Juliana Ramos,41514326,2021-07-02,Medellín,2,4563000.0,A,True
CLI0277,Santiago Pérez,94970119,2022-07-04,Pereira,3,1688000.0,B,True
CLI0192,Paula Ramírez,63437398,2022-12-28,Cartagena,4,2059000.0,C,True
CLI0386,Andrés Mora,31127115,2020-09-23,Pereira,5,4763000.0,C,True
CLI0414,Manuela Ruiz,48016697,2023-12-13,Cali,4,2343000.0,B,True
CLI0492,Diana Suárez,57123808,2019-02-04,Cali,2,2335000.0,C,True
CLI0344,Luis Torres,40097636,2020-10-15,Medellín,3,3656000.0,B,True
CLI0770,Daniel Ramos,80260907,2022-08-31,Pereira,3,1899000.0,B,True
CLI0309,Sara Jiménez,60237832,2022-03-17,Pereira,4,2558000.0,B,True
CLI0662,María Pérez,81673763,2023-12-09,Ibagué,4,,B,True
CLI0131,Mateo González,59470729,2019-11-11,Medellín,2,,B,True
CLI0664,Carolina Ortega,51536077,2021-09-01,Bogotá,4,3274000.0,A,True
CLI0100,Santiago Reyes,49609054,2023-06-09,Bogotá,2,2680000.0,C,True
CLI0373,Natalia Herrera,98227303,2023-07-25,Bogotá,4,2468000.0,C,True
CLI0088,Jorge Suárez,94322033,2022-11-13,Cali,2,3506000.0,B,True
CLI0459,Sofía Ortega,66061934,2019-03-21,Bogotá,2,3134000.0,A,True
CLI0331,Isabella Mora,66765623,2019-05-03,Medellín,4,3054000.0,B,True
CLI0215,Paula Hernández,41272553,2022-02-03,Barranquilla,4,3757000.0,B,True
CLI0467,Isabella Medina,71753160,2019-11-02,Bogotá,3,2521000.0,A,True
CLI0122,Paola Navarro,84801233,2020-04-28,Cartagena,3,,C,True
CLI0615,Gabriel López,99941500,2020-08-17,Manizales,3,5008000.0,A,True
CLI0021,Manuela Pérez,81291936,2019-03-31,Cali,4,3411000.0,C,True
CLI0701,Gabriel Reyes,13579612,2020-09-03,Cali,3,3021000.0,B,True
CLI0072,Luis Suárez,11086890,2023-08-12,Bogotá,3,3440000.0,B,True
CLI0107,David Reyes,59104566,2021-11-16,Medellín,4,1447000.0,A,False
CLI0271,María López,91644298,2020-05-28,Pereira,3,1939000.0,C,True
CLI0436,Santiago Vargas,67801537,2020-07-26,Barranquilla,3,5307000.0,B,True
CLI0103,Natalia Pérez,33574011,2022-10-06,Bogotá,2,4103000.0,A,False
